编号,标签
36328704,小说
36104107,小说
36457094,小说
4913064,小说
36463571,小说
34432750,小说
35005045,小说
36504167,小说
34998019,小说
10554308,小说
36439212,小说
36439799,小说
4760224,小说
36316842,小说
36073906,小说
35703195,小说
36392723,小说
36283547,小说
20421947,小说
35587028,小说
36560856,小说
36399719,小说
27606107,小说
36579654,小说
27609260,小说
36028738,小说
36328704,文学
36613730,文学
36104107,文学
36504167,文学
4913064,文学
36402321,文学
5910656,文学
20421947,文学
36524449,文学
36445280,文学
1007305,文学
27606107,文学
34432750,文学
25887924,文学
36539569,文学
36180769,文学
36457094,文学
36497587,文学
25956998,文学
35005045,文学
36560856,文学
36566308,文学
36399719,文学
36618953,文学
36462591,文学
1023045,文学
36504167,外国文学
26980487,外国文学
36180769,外国文学
36539569,外国文学
36452530,外国文学
36463571,外国文学
36404997,外国文学
36078195,外国文学
36256451,外国文学
36413444,外国文学
36537692,外国文学
36181310,外国文学
30331835,外国文学
25956998,外国文学
6082808,外国文学
26362836,外国文学
36457094,外国文学
36480407,外国文学
36381786,外国文学
36073906,外国文学
27609260,外国文学
36468894,外国文学
36537692,外国文学
30321026,外国文学
36413444,外国文学
36538053,外国文学
36566308,经典
36150914,经典
1007305,经典
25897685,经典
1139360,经典
26585065,经典
6082808,经典
4913064,经典
1008357,经典
36528871,经典
5325618,经典
36094930,经典
25887924,经典
34432750,经典
26879778,经典
35703542,经典
24882289,经典
5910656,经典
26980487,经典
33395266,经典
36566308,经典
36604597,经典
1205054,经典
36590784,经典
1004821,经典
2173262,经典
36328704,中国文学
36104107,中国文学
36439212,中国文学
27606107,中国文学
34432750,中国文学
5910656,中国文学
34998019,中国文学
36150423,中国文学
36560856,中国文学
4913064,中国文学
36021908,中国文学
26273810,中国文学
35587028,中国文学
35983022,中国文学
36155568,中国文学
36388449,中国文学
35479662,中国文学
36389993,中国文学
36398795,中国文学
35875393,中国文学
36560856,中国文学
35983022,中国文学
35199195,中国文学
36506706,中国文学
36472420,中国文学
36519844,中国文学
36446876,随笔
36613730,随笔
36235328,随笔
36096287,随笔
36407254,随笔
36488279,随笔
36505525,随笔
36467301,随笔
36468891,随笔
36150423,随笔
35040904,随笔
36321036,随笔
36447219,随笔
36109196,随笔
35635639,随笔
36497567,随笔
24922716,随笔
4238362,随笔
1060068,随笔
36402128,随笔
1023045,随笔
36446876,随笔
36407254,随笔
36495288,随笔
36594631,随笔
36613730,随笔
36501954,日本文学
36283547,日本文学
30475757,日本文学
36096287,日本文学
35031587,日本文学
36432529,日本文学
35818897,日本文学
30278166,日本文学
36389921,日本文学
36407256,日本文学
33658616,日本文学
35324326,日本文学
27200257,日本文学
36351178,日本文学
34778574,日本文学
26210487,日本文学
36361903,日本文学
26877752,日本文学
36343876,日本文学
34996429,日本文学
21712307,日本文学
3025064,日本文学
11593632,日本文学
35907571,日本文学
36486738,日本文学
25737792,日本文学
5910656,散文
36235328,散文
36446876,散文
24922716,散文
27184303,散文
36109196,散文
35552619,散文
36249596,散文
36096287,散文
6079389,散文
36570176,散文
10522856,散文
30259726,散文
36150423,散文
26278687,散文
35817787,散文
1060068,散文
35724852,散文
36456400,散文
36572572,散文
1023045,散文
36560856,散文
36626958,散文
36446876,散文
36609763,散文
36612657,散文
27199470,村上春树
10529920,村上春树
35277887,村上春树
1046265,村上春树
36085236,村上春树
25743459,村上春树
25733470,村上春树
35571598,村上春树
36091415,村上春树
30144097,村上春树
36344437,村上春树
36532343,村上春树
35571899,村上春树
3931510,村上春树
1059419,村上春树
30144094,村上春树
30144095,村上春树
36532345,村上春树
3369600,村上春树
6126817,村上春树
1032007,村上春树
1394544,村上春树
10473356,村上春树
1072447,村上春树
1026208,村上春树
1046265,村上春树
36513068,诗歌
36221433,诗歌
36501243,诗歌
36248699,诗歌
36414411,诗歌
36520108,诗歌
36464455,诗歌
36384621,诗歌
36571029,诗歌
36538053,诗歌
36392986,诗歌
36125644,诗歌
36504230,诗歌
35058665,诗歌
36443627,诗歌
36518910,诗歌
36440675,诗歌
36591977,诗歌
36538046,诗歌
25858680,诗歌
36591977,诗歌
36472420,诗歌
36538053,诗歌
36571029,诗歌
27082882,诗歌
36580343,诗歌
1046209,童话
1084336,童话
34438689,童话
26344078,童话
1043008,童话
35447077,童话
36010037,童话
35585687,童话
30352058,童话
36458298,童话
36384625,童话
6983672,童话
35476020,童话
33479255,童话
35585807,童话
22134459,童话
36198518,童话
5354689,童话
3620505,童话
3636385,童话
27105615,童话
1340753,童话
10794550,童话
1055445,童话
1072447,童话
1063651,童话
4913064,名著
4881639,名著
4908879,名著
26980487,名著
25887933,名著
4820710,名著
4908885,名著
4898521,名著
36547305,名著
24531956,名著
33444373,名著
35781152,名著
1083428,名著
25897649,名著
2253380,名著
30338134,名著
27107109,名著
1006197,名著
30331835,名著
25887915,名著
1205054,名著
36547305,名著
1255288,名著
1010898,名著
6438284,名著
1186392,名著
36416035,儿童文学
36405182,儿童文学
1052990,儿童文学
3813048,儿童文学
36341995,儿童文学
36491692,儿童文学
36505181,儿童文学
5404945,儿童文学
36561210,儿童文学
36503992,儿童文学
36489657,儿童文学
36489658,儿童文学
36404342,儿童文学
1004088,儿童文学
36534900,儿童文学
36604597,儿童文学
3621942,儿童文学
36564066,儿童文学
23938220,儿童文学
25877712,儿童文学
36599425,儿童文学
36604597,儿童文学
36495288,儿童文学
36598136,儿童文学
36552710,儿童文学
36404344,儿童文学
36594958,古典文学
36235392,古典文学
3409573,古典文学
1019568,古典文学
1007305,古典文学
26710065,古典文学
26417287,古典文学
26732701,古典文学
30228730,古典文学
36456721,古典文学
26695957,古典文学
25848086,古典文学
26419604,古典文学
26286495,古典文学
30271919,古典文学
36655544,古典文学
36442202,古典文学
1029553,古典文学
10582727,古典文学
1626883,古典文学
36561491,古典文学
36597187,古典文学
36521998,古典文学
36406494,古典文学
36419458,古典文学
30271217,古典文学
27606107,余华
20421947,余华
30259153,余华
4913064,余华
20406553,余华
35335514,余华
4760224,余华
26273810,余华
36174516,余华
20441957,余华
30204337,余华
36441149,余华
20397280,余华
27064488,余华
24540864,余华
26291216,余华
35481711,余华
30140404,余华
20397289,余华
30142313,余华
27606107,余华
20406553,余华
25779678,余华
6434231,余华
1490736,余华
20406554,余华
30163860,王小波
27013708,王小波
27013741,王小波
27013716,王小波
1089243,王小波
35010183,王小波
27077957,王小波
35571619,王小波
1054685,王小波
3071717,王小波
34947576,王小波
3264642,王小波
34950797,王小波
34974501,王小波
1085883,王小波
35010184,王小波
1767945,王小波
26691608,王小波
27116320,王小波
30216760,王小波
1767945,王小波
1418686,王小波
26416508,王小波
1054685,王小波
10199131,王小波
26260292,王小波
36150423,当代文学
36104107,当代文学
35199196,当代文学
36439212,当代文学
34432750,当代文学
4913064,当代文学
27170951,当代文学
35051822,当代文学
20441957,当代文学
27184303,当代文学
20421947,当代文学
36009281,当代文学
36388449,当代文学
35192665,当代文学
26734559,当代文学
26359826,当代文学
26992670,当代文学
26273810,当代文学
35479662,当代文学
24862876,当代文学
36519844,当代文学
20406553,当代文学
25779678,当代文学
35512386,当代文学
35983022,当代文学
6434231,当代文学
1054685,杂文
36150423,杂文
36020007,杂文
1974027,杂文
34974501,杂文
36235328,杂文
20278799,杂文
27052050,杂文
20440644,杂文
27013708,杂文
27013716,杂文
24922716,杂文
10466455,杂文
36572613,杂文
35720365,杂文
36124371,杂文
1974023,杂文
3860856,杂文
35479455,杂文
35674072,杂文
36572613,杂文
26314606,杂文
1974029,杂文
1313443,杂文
6528084,杂文
1968084,杂文
10757940,张爱玲
30294360,张爱玲
30294355,张爱玲
30294357,张爱玲
30294358,张爱玲
11614508,张爱玲
10757938,张爱玲
30302905,张爱玲
3017857,张爱玲
34973828,张爱玲
35951909,张爱玲
26390567,张爱玲
10757939,张爱玲
1783349,张爱玲
10757941,张爱玲
35506127,张爱玲
34442201,张爱玲
36450495,张爱玲
5501815,张爱玲
1082162,张爱玲
1070120,张爱玲
1007754,张爱玲
36000979,张爱玲
1012505,张爱玲
35541224,张爱玲
1014278,张爱玲
26954760,外国名著
25897678,外国名著
10594787,外国名著
2053249,外国名著
1430530,外国名著
5378433,外国名著
2045704,外国名著
1077900,外国名著
1077778,外国名著
30269588,外国名著
25837845,外国名著
2161691,外国名著
1007772,外国名著
33383582,外国名著
1119522,外国名著
33646121,外国名著
35218475,外国名著
4893870,外国名著
30231603,外国名著
1770782,外国名著
1010898,外国名著
1203244,外国名著
1203251,外国名著
3223637,外国名著
25849392,外国名著
1085021,外国名著
1449352,鲁迅
36255834,鲁迅
36466761,鲁迅
1449351,鲁迅
36512956,鲁迅
1915958,鲁迅
26710670,鲁迅
2046909,鲁迅
1442720,鲁迅
36571742,鲁迅
36363879,鲁迅
36291199,鲁迅
1449348,鲁迅
35556972,鲁迅
26355599,鲁迅
26710671,鲁迅
1974029,鲁迅
5905348,鲁迅
34858960,鲁迅
2046933,鲁迅
1974029,鲁迅
1450509,鲁迅
1314829,鲁迅
1313443,鲁迅
36571742,鲁迅
1968084,鲁迅
11524204,钱钟书
30137044,钱钟书
27070488,钱钟书
1253312,钱钟书
34848928,钱钟书
2988964,钱钟书
30312038,钱钟书
36419944,钱钟书
1008145,钱钟书
4733014,钱钟书
35200599,钱钟书
1855364,钱钟书
36548446,钱钟书
30216767,钱钟书
1023045,钱钟书
1008145,钱钟书
34912577,钱钟书
1061242,钱钟书
1067305,钱钟书
5363937,钱钟书
36405182,诗词
36536826,诗词
36216164,诗词
36318580,诗词
36086670,诗词
36411623,诗词
36282748,诗词
36572035,诗词
36556662,诗词
34463395,诗词
36302873,诗词
36521998,诗词
36619622,诗词
26728746,诗词
35260726,诗词
36430237,诗词
20302392,诗词
25793097,诗词
36362830,诗词
36561491,诗词
36597187,诗词
36521998,诗词
36406494,诗词
36419458,诗词
30271217,诗词
27615361,茨威格
34434342,茨威格
36294904,茨威格
5404162,茨威格
36204561,茨威格
27092641,茨威格
27912251,茨威格
26828753,茨威格
1083762,茨威格
35909123,茨威格
1902852,茨威格
27112712,茨威格
35920144,茨威格
27056404,茨威格
26787222,茨威格
30642334,茨威格
27037087,茨威格
3936453,茨威格
1062343,茨威格
36096686,茨威格
1013493,茨威格
2146277,茨威格
27056404,茨威格
2158684,茨威格
2005555,茨威格
1016247,茨威格
35764761,米兰·昆德拉
36480180,米兰·昆德拉
25881325,米兰·昆德拉
35768003,米兰·昆德拉
35914067,米兰·昆德拉
35914071,米兰·昆德拉
35914070,米兰·昆德拉
26333066,米兰·昆德拉
35764760,米兰·昆德拉
5918367,米兰·昆德拉
25900973,米兰·昆德拉
1781177,米兰·昆德拉
24845897,米兰·昆德拉
24845900,米兰·昆德拉
35914062,米兰·昆德拉
35914064,米兰·昆德拉
35914068,米兰·昆德拉
25900374,米兰·昆德拉
25900376,米兰·昆德拉
25900388,米兰·昆德拉
1064828,米兰·昆德拉
1013225,米兰·昆德拉
1057197,米兰·昆德拉
1471829,米兰·昆德拉
1876746,米兰·昆德拉
1954613,米兰·昆德拉
36191473,杜拉斯
1029209,杜拉斯
1400703,杜拉斯
2147647,杜拉斯
1400705,杜拉斯
1400707,杜拉斯
1400718,杜拉斯
1400181,杜拉斯
3551720,杜拉斯
3559050,杜拉斯
3559051,杜拉斯
4941422,杜拉斯
2216385,杜拉斯
1012616,杜拉斯
1031459,杜拉斯
25862394,杜拉斯
1400725,杜拉斯
4282073,杜拉斯
25862389,杜拉斯
6833978,杜拉斯
4282073,杜拉斯
3559051,杜拉斯
24845433,杜拉斯
1400717,杜拉斯
26826816,杜拉斯
3571371,杜拉斯
35927562,港台
35253269,港台
35253270,港台
30302231,港台
35969968,港台
36317733,港台
35338844,港台
11601966,港台
35285597,港台
35007042,港台
27162179,港台
35158601,港台
1212507,港台
1212508,港台
35338845,港台
30382687,港台
36299370,港台
36299371,港台
36531133,港台
10538097,港台
2137802,港台
26712427,港台
4736082,港台
25820398,港台
35084266,港台
26578400,港台
36455933,漫画
36122667,漫画
36289703,漫画
36082424,漫画
36349594,漫画
36570537,漫画
36531660,漫画
36547277,漫画
35801543,漫画
35632117,漫画
36491416,漫画
36468898,漫画
36567566,漫画
36247441,漫画
35599816,漫画
36016828,漫画
36465956,漫画
36245519,漫画
36553584,漫画
24745051,漫画
36465956,漫画
36589933,漫画
36579031,漫画
36604494,漫画
36609847,漫画
36283547,推理
36316842,推理
36407256,推理
36540441,推理
36403723,推理
36435335,推理
34996429,推理
36446877,推理
35430467,推理
36284336,推理
26877752,推理
35031587,推理
36389921,推理
30475757,推理
33658616,推理
10554308,推理
36497658,推理
36480391,推理
36170929,推理
21371175,推理
36497658,推理
36028738,推理
25737792,推理
36579654,推理
6520626,推理
36539651,推理
36455933,绘本
36442643,绘本
36316837,绘本
36082424,绘本
35088492,绘本
36622877,绘本
35632117,绘本
34907501,绘本
36126551,绘本
36474369,绘本
34807223,绘本
35389470,绘本
35292432,绘本
36545670,绘本
36491416,绘本
33479255,绘本
36545223,绘本
36505181,绘本
26945196,绘本
35607441,绘本
36589933,绘本
36599763,绘本
36622877,绘本
36604494,绘本
36600912,绘本
36622879,绘本
36472103,悬疑
10554308,悬疑
35031587,悬疑
36540441,悬疑
34996429,悬疑
36283547,悬疑
36429008,悬疑
26877752,悬疑
36407256,悬疑
33658616,悬疑
36351178,悬疑
36403723,悬疑
3211779,悬疑
36389921,悬疑
30475757,悬疑
36520019,悬疑
3006581,悬疑
36480391,悬疑
30237176,悬疑
36316842,悬疑
25737792,悬疑
36561491,悬疑
36539651,悬疑
6520626,悬疑
35087233,悬疑
36443466,悬疑
10554308,东野圭吾
26877752,东野圭吾
36074757,东野圭吾
35479856,东野圭吾
26651926,东野圭吾
3211779,东野圭吾
25862578,东野圭吾
35791376,东野圭吾
34786086,东野圭吾
3259440,东野圭吾
35017604,东野圭吾
30330292,东野圭吾
26118072,东野圭吾
30210250,东野圭吾
35388953,东野圭吾
27200261,东野圭吾
26387514,东野圭吾
26639966,东野圭吾
4074636,东野圭吾
26906797,东野圭吾
36538265,东野圭吾
25841847,东野圭吾
27007486,东野圭吾
3052810,东野圭吾
6785995,东野圭吾
3615061,东野圭吾
35898128,科幻
36463571,科幻
35802914,科幻
36462591,科幻
2567698,科幻
5363767,科幻
35989392,科幻
26362836,科幻
3066477,科幻
25829693,科幻
35049755,科幻
36553469,科幻
6518605,科幻
33658616,科幻
36136689,科幻
36138906,科幻
35330057,科幻
36478717,科幻
1192090,科幻
36168149,科幻
36462591,科幻
36443466,科幻
11593632,科幻
36553469,科幻
35898128,科幻
36580827,科幻
4231381,青春
27170951,青春
26986954,青春
20504749,青春
27200257,青春
20376597,青春
35219996,青春
26878124,青春
5409459,青春
34907839,青春
10518721,青春
35160284,青春
4732378,青春
24754316,青春
30336340,青春
30324569,青春
2062200,青春
34969995,青春
25885612,青春
1016300,青春
26107455,青春
1046265,青春
36412382,青春
26374073,青春
34871571,青春
10583074,青春
35703195,言情
36453389,言情
21242062,言情
24877203,言情
35460986,言情
35389475,言情
36366046,言情
35572985,言情
30134156,言情
24714201,言情
1090672,言情
30151804,言情
27035382,言情
35960200,言情
30473240,言情
36575751,言情
27129400,言情
30218679,言情
35296868,言情
6120039,言情
35389475,言情
35460986,言情
35562194,言情
5976260,言情
36575751,言情
30208930,言情
36497658,推理小说
36446877,推理小说
36316842,推理小说
36407256,推理小说
36403723,推理小说
35031587,推理小说
36545724,推理小说
36284336,推理小说
36512989,推理小说
36435335,推理小说
36405033,推理小说
36283547,推理小说
36558588,推理小说
26771719,推理小说
36579654,推理小说
26687878,推理小说
3211779,推理小说
33658616,推理小说
34996429,推理小说
36480391,推理小说
36497658,推理小说
36028738,推理小说
36579654,推理小说
6520626,推理小说
36504668,推理小说
36539651,推理小说
36328704,奇幻
36504074,奇幻
36463571,奇幻
33424453,奇幻
36414680,奇幻
24882313,奇幻
36392723,奇幻
35904702,奇幻
30313981,奇幻
25731663,奇幻
26634871,奇幻
24531956,奇幻
24882304,奇幻
25826936,奇幻
1071241,奇幻
36504188,奇幻
26148066,奇幻
35572985,奇幻
25742768,奇幻
34907838,奇幻
35087233,奇幻
36573601,奇幻
33476508,奇幻
36462591,奇幻
34846888,奇幻
27116722,奇幻
36122667,日本漫画
36289703,日本漫画
35801543,日本漫画
36465956,日本漫画
3176836,日本漫画
36349594,日本漫画
3140251,日本漫画
30248778,日本漫画
34952048,日本漫画
26975170,日本漫画
26852675,日本漫画
35356338,日本漫画
3036487,日本漫画
35086410,日本漫画
36479240,日本漫画
35947090,日本漫画
27091637,日本漫画
26862310,日本漫画
35506988,日本漫画
4228017,日本漫画
36465956,日本漫画
36537560,日本漫画
36537561,日本漫画
3193774,日本漫画
3293001,日本漫画
35691220,日本漫画
34803050,武侠
36416035,武侠
1255625,武侠
36531201,武侠
1044547,武侠
1255624,武侠
36405033,武侠
25846270,武侠
1070851,武侠
1793132,武侠
6969074,武侠
36073264,武侠
1264579,武侠
1002299,武侠
33429491,武侠
3211103,武侠
26592708,武侠
1919201,武侠
1442037,武侠
1559310,武侠
35687820,武侠
2042466,武侠
1212893,武侠
35067410,武侠
4056547,武侠
1089512,武侠
36414392,耽美
3176836,耽美
36327424,耽美
10741838,耽美
27608412,耽美
35160284,耽美
33456675,耽美
35130997,耽美
35287229,耽美
36016988,耽美
35139523,耽美
25776193,耽美
36325469,耽美
35047569,耽美
36524189,耽美
35141790,耽美
30181549,耽美
26939596,耽美
25777886,耽美
26341728,耽美
5299277,耽美
35057291,耽美
35510390,耽美
35631989,耽美
10438782,耽美
26602030,耽美
36405182,科幻小说
35898128,科幻小说
36553469,科幻小说
36462591,科幻小说
35802914,科幻小说
36138906,科幻小说
36463571,科幻小说
35330057,科幻小说
35989392,科幻小说
36059593,科幻小说
25829693,科幻小说
36149198,科幻小说
36168149,科幻小说
36136689,科幻小说
1192090,科幻小说
35815592,科幻小说
35494160,科幻小说
35902371,科幻小说
35959816,科幻小说
30471298,科幻小说
36462591,科幻小说
36561491,科幻小说
36553469,科幻小说
36523840,科幻小说
35898128,科幻小说
26280924,科幻小说
35703195,网络小说
35377987,网络小说
36392723,网络小说
4192766,网络小说
30303960,网络小说
35389475,网络小说
35473586,网络小说
25737646,网络小说
33424453,网络小说
36096591,网络小说
30134156,网络小说
36353960,网络小说
4212812,网络小说
21323863,网络小说
36325469,网络小说
27611288,网络小说
27611289,网络小说
35541166,网络小说
26990858,网络小说
36442379,网络小说
35460986,网络小说
35389475,网络小说
35562194,网络小说
20475616,网络小说
5976260,网络小说
35219052,网络小说
1060068,三毛
26997048,三毛
26995854,三毛
1036490,三毛
26995850,三毛
25803923,三毛
35815898,三毛
35582002,三毛
26997307,三毛
26997078,三毛
1029111,三毛
2136140,三毛
26608213,三毛
36514936,三毛
26995855,三毛
1082399,三毛
2068249,三毛
2070844,三毛
26997095,三毛
26997134,三毛
1050870,三毛
26364784,三毛
5350892,三毛
25803923,三毛
1082399,三毛
30271032,三毛
1049219,韩寒
1009160,韩寒
5275059,韩寒
1453210,韩寒
3394338,韩寒
3026984,韩寒
3009033,韩寒
25979789,韩寒
26161213,韩寒
25931540,韩寒
3279254,韩寒
3860856,韩寒
1026425,韩寒
25941372,韩寒
20425053,韩寒
1049219,韩寒
1063245,韩寒
1440101,韩寒
6902639,韩寒
1034108,韩寒
1046385,韩寒
2115040,亦舒
36292897,亦舒
36469512,亦舒
1361260,亦舒
27084299,亦舒
1010362,亦舒
30121589,亦舒
2022979,亦舒
27084283,亦舒
1823875,亦舒
25867018,亦舒
35685388,亦舒
1484301,亦舒
1484304,亦舒
27608722,亦舒
1051797,亦舒
1484310,亦舒
1597853,亦舒
30214947,亦舒
30179878,亦舒
1055184,亦舒
35073468,亦舒
1361268,亦舒
4738612,亦舒
1322158,亦舒
1499754,亦舒
26687878,阿加莎·克里斯蒂
25905706,阿加莎·克里斯蒂
30346157,阿加莎·克里斯蒂
26689987,阿加莎·克里斯蒂
25811656,阿加莎·克里斯蒂
26246928,阿加莎·克里斯蒂
30245148,阿加莎·克里斯蒂
26962860,阿加莎·克里斯蒂
25986273,阿加莎·克里斯蒂
27593007,阿加莎·克里斯蒂
30179173,阿加莎·克里斯蒂
24358966,阿加莎·克里斯蒂
24852594,阿加莎·克里斯蒂
30381753,阿加莎·克里斯蒂
21371175,阿加莎·克里斯蒂
25929085,阿加莎·克里斯蒂
36454214,阿加莎·克里斯蒂
27201059,阿加莎·克里斯蒂
26276929,阿加莎·克里斯蒂
26924831,阿加莎·克里斯蒂
25877118,阿加莎·克里斯蒂
3126359,阿加莎·克里斯蒂
25835908,阿加莎·克里斯蒂
1805514,阿加莎·克里斯蒂
2133268,阿加莎·克里斯蒂
3219390,阿加莎·克里斯蒂
36416035,金庸
26692407,金庸
1255624,金庸
1255625,金庸
36366053,金庸
6969088,金庸
1070851,金庸
6969097,金庸
10466059,金庸
1559310,金庸
26331518,金庸
4116115,金庸
36531201,金庸
6938133,金庸
36570176,金庸
1044547,金庸
1793132,金庸
26977421,金庸
26592708,金庸
26797723,金庸
1212893,金庸
1255625,金庸
1055976,金庸
2218216,金庸
1002299,金庸
1677896,金庸
30464716,穿越
35898128,穿越
36392723,穿越
6794017,穿越
35358015,穿越
31086991,穿越
30164967,穿越
25901570,穿越
25901571,穿越
26584918,穿越
25901574,穿越
36403723,穿越
36126737,穿越
34919443,穿越
36575255,穿越
36318232,穿越
35419676,穿越
4041246,穿越
26299949,穿越
35813425,穿越
35219052,穿越
2138527,穿越
3829610,穿越
35243297,穿越
3779046,穿越
35857975,穿越
1029159,安妮宝贝
1065970,安妮宝贝
5986107,安妮宝贝
26785701,安妮宝贝
6753739,安妮宝贝
35124590,安妮宝贝
24860561,安妮宝贝
3016219,安妮宝贝
35641564,安妮宝贝
35493021,安妮宝贝
1065970,安妮宝贝
25806128,安妮宝贝
1016523,安妮宝贝
1029159,安妮宝贝
26900050,安妮宝贝
1046619,安妮宝贝
25885612,轻小说
35654229,轻小说
35285623,轻小说
24383185,轻小说
25752955,轻小说
36627193,轻小说
36328704,轻小说
35302196,轻小说
25934736,轻小说
35361203,轻小说
35553280,轻小说
35553281,轻小说
26669570,轻小说
35330052,轻小说
36516870,轻小说
25901063,轻小说
26285818,轻小说
34972682,轻小说
35442703,轻小说
34799480,轻小说
6508619,轻小说
2977164,轻小说
10767980,轻小说
36627193,轻小说
26335555,轻小说
30198783,轻小说
24531956,魔幻
6082808,魔幻
36428029,魔幻
35587028,魔幻
36085250,魔幻
4246531,魔幻
27129884,魔幻
25815081,魔幻
35218475,魔幻
36316718,魔幻
6789605,魔幻
1386052,魔幻
26647621,魔幻
34988624,魔幻
1559310,魔幻
1059419,魔幻
35689564,魔幻
35136094,魔幻
20381801,魔幻
20381803,魔幻
3580714,魔幻
1485503,魔幻
1071241,魔幻
1039487,魔幻
10749904,魔幻
26299947,魔幻
3191328,郭敬明
2062200,郭敬明
1006881,郭敬明
6828611,郭敬明
25848682,郭敬明
1016300,郭敬明
1041550,郭敬明
4818929,郭敬明
4038164,郭敬明
3133952,郭敬明
3056892,郭敬明
6428335,郭敬明
26942523,郭敬明
1462590,郭敬明
7163004,郭敬明
2062200,郭敬明
11583781,郭敬明
36584091,青春文学
36566302,青春文学
36552796,青春文学
36529234,青春文学
36599820,青春文学
36566301,青春文学
35592396,青春文学
3879301,青春文学
24531079,青春文学
36619543,青春文学
24754316,青春文学
30285101,青春文学
10770835,青春文学
26686484,青春文学
26365847,青春文学
26365848,青春文学
20472730,青春文学
10456477,青春文学
25912734,青春文学
36091423,青春文学
27665876,青春文学
36584091,青春文学
36566301,青春文学
36552796,青春文学
27126299,青春文学
36529234,青春文学
34942582,几米
26610688,几米
26655751,几米
30407912,几米
1887754,几米
1026411,几米
35255788,几米
3665874,几米
26825460,几米
30284415,几米
25353939,几米
25829338,几米
4167915,几米
1782016,几米
1367458,几米
26303445,几米
3338175,J.K.罗琳
27594560,J.K.罗琳
1291200,J.K.罗琳
27045883,J.K.罗琳
2295163,J.K.罗琳
35096293,J.K.罗琳
1291201,J.K.罗琳
1071241,J.K.罗琳
1039487,J.K.罗琳
1291197,J.K.罗琳
27625554,J.K.罗琳
24531956,J.K.罗琳
1009257,J.K.罗琳
1432596,J.K.罗琳
27167519,J.K.罗琳
25957853,J.K.罗琳
1013129,J.K.罗琳
1071241,J.K.罗琳
26854188,J.K.罗琳
1039487,J.K.罗琳
1009473,J.K.罗琳
19898714,J.K.罗琳
21993087,J.K.罗琳
3902723,幾米
35282852,幾米
33435013,幾米
1003148,幾米
6389903,幾米
1021425,幾米
6389906,幾米
34942582,幾米
30284441,幾米
33435461,幾米
25353939,幾米
25829338,幾米
4167915,幾米
1782016,幾米
1367458,幾米
26303445,幾米
1082171,张小娴
26274629,张小娴
1397329,张小娴
1401945,张小娴
1281275,张小娴
1028780,张小娴
1032945,张小娴
1096118,张小娴
3045175,张小娴
1394329,张小娴
1062235,张小娴
1082172,张小娴
1045247,张小娴
36449795,张小娴
1032945,张小娴
2005835,张小娴
1055184,张小娴
27622560,张小娴
5290578,张小娴
4231381,校园
35160284,校园
35220081,校园
27102207,校园
27200257,校园
25737796,校园
36301445,校园
30884743,校园
30336340,校园
1917193,校园
4860554,校园
36212823,校园
34840588,校园
5986573,校园
33423246,校园
27017796,校园
30359058,校园
36166547,校园
28408615,校园
35387129,校园
1022702,校园
3266223,校园
25762729,校园
30483964,校园
3629694,校园
1874070,校园
36416035,古龙
1422833,古龙
21778316,古龙
24708299,古龙
20397327,古龙
10618119,古龙
24760712,古龙
26782037,古龙
20397326,古龙
1738639,古龙
1117078,古龙
1738651,古龙
24872480,古龙
1512741,古龙
27145813,古龙
21778097,古龙
21778489,古龙
2269118,古龙
1339841,古龙
21778498,古龙
1089512,古龙
3423729,古龙
1264579,古龙
1089511,古龙
24705166,古龙
1089523,古龙
4780102,高木直子
36216231,高木直子
35518123,高木直子
26411155,高木直子
30309248,高木直子
26411083,高木直子
27030108,高木直子
25810764,高木直子
6387054,高木直子
36302453,高木直子
26389520,高木直子
25373041,高木直子
36163989,高木直子
1346815,高木直子
30302300,高木直子
3449759,高木直子
25843810,高木直子
1344548,高木直子
1475048,高木直子
25728467,高木直子
11537640,高木直子
6731566,高木直子
1437120,沧月
1919201,沧月
2002035,沧月
2052100,沧月
1442920,沧月
1899881,沧月
27121353,沧月
1326828,沧月
35638222,沧月
2137491,沧月
1476533,沧月
1467382,沧月
1478487,沧月
1010520,沧月
35594035,沧月
1256186,沧月
1959034,沧月
1256186,沧月
25780846,沧月
2052100,沧月
4847836,沧月
2351259,沧月
1919201,沧月
1050339,余秋雨
25875172,余秋雨
1075495,余秋雨
35051016,余秋雨
35051018,余秋雨
21321799,余秋雨
20259788,余秋雨
33409911,余秋雨
1082201,余秋雨
6973855,余秋雨
1107531,余秋雨
27036662,余秋雨
34825957,余秋雨
1054889,余秋雨
6805160,余秋雨
5391534,余秋雨
1143694,王朔
26288883,王朔
1049477,王朔
1207819,王朔
36055837,王朔
1015584,王朔
26288877,王朔
26288882,王朔
1151876,王朔
1151879,王朔
1002130,王朔
20269974,王朔
35783361,王朔
1791682,王朔
2030664,王朔
2362698,王朔
1143899,王朔
26288879,王朔
26288881,王朔
26288884,王朔
2249966,王朔
1455679,王朔
2030664,王朔
1151873,王朔
1049477,王朔
1143899,王朔
36096304,历史
36566308,历史
36523838,历史
36104107,历史
36472529,历史
36462704,历史
30414743,历史
10758290,历史
36224071,历史
35771888,历史
36463589,历史
35678328,历史
25912076,历史
35909188,历史
3674537,历史
1041482,历史
35888701,历史
36284544,历史
36584047,历史
25935941,历史
36566308,历史
36399719,历史
36432226,历史
36586436,历史
36472353,历史
36283423,历史
35143790,心理学
36150914,心理学
36464033,心理学
36132802,心理学
36415996,心理学
26585065,心理学
26369699,心理学
35897952,心理学
35481512,心理学
36558205,心理学
25982198,心理学
35929651,心理学
36519946,心理学
27186106,心理学
36591182,心理学
2328458,心理学
1476651,心理学
36526445,心理学
26304954,心理学
35023259,心理学
36613734,心理学
36610570,心理学
36579057,心理学
36593611,心理学
36607116,心理学
36625212,心理学
35313227,哲学
36518908,哲学
26980487,哲学
34447865,哲学
36392187,哲学
36490712,哲学
27170538,哲学
36409321,哲学
36150914,哲学
1004821,哲学
25961458,哲学
30389924,哲学
36464124,哲学
36445280,哲学
33442259,哲学
27172839,哲学
35900190,哲学
36361955,哲学
30136393,哲学
36361959,哲学
36626626,哲学
36601839,哲学
36301430,哲学
1004821,哲学
36598528,哲学
35815225,哲学
36509145,社会学
36184693,社会学
36409321,社会学
36452526,社会学
35593780,社会学
36578046,社会学
36447211,社会学
36546920,社会学
36546917,社会学
36526445,社会学
36413884,社会学
36402158,社会学
36463768,社会学
36455938,社会学
26874446,社会学
36190074,社会学
25966785,社会学
36407364,社会学
36522021,社会学
25924609,社会学
35593780,社会学
36580240,社会学
3380406,社会学
36303750,社会学
36550926,社会学
36526445,社会学
36518892,传记
36483883,传记
36402010,传记
36413444,传记
4254757,传记
36414284,传记
36467397,传记
36454214,传记
36433735,传记
36518908,传记
36549789,传记
36237968,传记
36423919,传记
34996404,传记
35520540,传记
25810506,传记
36317762,传记
36523838,传记
36540449,传记
35771888,传记
36413444,传记
36493178,传记
25933324,传记
35767793,传记
36539798,传记
4312477,传记
35885803,文化
36328704,文化
36472529,文化
36409321,文化
36478066,文化
36235328,文化
36536972,文化
36392349,文化
36501956,文化
35819419,文化
36425435,文化
36461500,文化
36407254,文化
30414743,文化
36194081,文化
36164018,文化
36104107,文化
36371516,文化
26607683,文化
36471328,文化
36618953,文化
36432226,文化
36610717,文化
36626958,文化
36407254,文化
35173316,文化
34988578,艺术
3162991,艺术
36330464,艺术
36514763,艺术
26854318,艺术
36361913,艺术
36610060,艺术
36497566,艺术
35166866,艺术
36168257,艺术
36433434,艺术
36490799,艺术
36552814,艺术
36391807,艺术
36473982,艺术
36392193,艺术
36197646,艺术
36361860,艺术
36438835,艺术
36545514,艺术
36618953,艺术
36607895,艺术
36553485,艺术
36590877,艺术
36622877,艺术
30360858,艺术
36409321,社会
36328704,社会
36150423,社会
36407364,社会
26992670,社会
35586814,社会
36578046,社会
35593780,社会
36447211,社会
36463768,社会
35546622,社会
36407254,社会
26171466,社会
36428654,社会
36104107,社会
36509145,社会
36546917,社会
36472055,社会
35819419,社会
36452526,社会
36591982,社会
35593780,社会
36407254,社会
36303750,社会
36453642,社会
3380406,社会
35819419,政治
35546622,政治
36405004,政治
26992670,政治
26171466,政治
26901114,政治
10587755,政治
1003479,政治
26658395,政治
1060774,政治
5372471,政治
26762440,政治
27120243,政治
26992823,政治
26413154,政治
30122152,政治
4908879,政治
25881102,政治
30206893,政治
36328704,政治
36303750,政治
36584047,政治
30197650,政治
36580713,政治
34396190,政治
36301430,政治
36540477,设计
26102860,设计
36329728,设计
1941558,设计
26806997,设计
4230237,设计
30475363,设计
35505843,设计
30187191,设计
36330464,设计
26896124,设计
35249954,设计
26865865,设计
30295122,设计
26424608,设计
26664522,设计
30422684,设计
36361913,设计
25927569,设计
35088444,设计
3026736,设计
34972354,设计
35082467,设计
36607584,设计
35951952,设计
36540477,设计
36405004,政治学
36451764,政治学
26658395,政治学
36536790,政治学
35819419,政治学
36492869,政治学
36502898,政治学
36184691,政治学
36282834,政治学
35655743,政治学
36437932,政治学
34840593,政治学
36414842,政治学
25971624,政治学
36402210,政治学
36207786,政治学
35684418,政治学
25933193,政治学
36538050,政治学
36531040,政治学
36303750,政治学
36584047,政治学
30197650,政治学
36580713,政治学
34396190,政治学
36301430,政治学
36193590,宗教
26722581,宗教
35523882,宗教
26980487,宗教
22638869,宗教
36448198,宗教
20470264,宗教
35784075,宗教
6431983,宗教
26901849,宗教
36356273,宗教
1431735,宗教
1827054,宗教
25819842,宗教
27136747,宗教
3017592,宗教
5450660,宗教
30462986,宗教
25707600,宗教
6862174,宗教
25707589,宗教
34396190,宗教
30383682,宗教
35658971,宗教
2021617,宗教
1049944,宗教
36478323,电影
36484466,电影
36432514,电影
36422249,电影
26435510,电影
36425093,电影
2326403,电影
36342438,电影
26596285,电影
35817468,电影
36374150,电影
35624606,电影
36474645,电影
26416255,电影
30297417,电影
36374146,电影
26286364,电影
35459568,电影
36145665,电影
21361157,电影
36430386,电影
30193760,电影
36547160,电影
5904020,电影
26692203,电影
26923022,电影
36448234,建筑
36608116,建筑
27608983,建筑
36576034,建筑
35728444,建筑
1124895,建筑
4082434,建筑
30182821,建筑
33476150,建筑
4214537,建筑
31223637,建筑
26331029,建筑
36393446,建筑
36469445,建筑
3908344,建筑
20495120,建筑
35351671,建筑
3496820,建筑
2247913,建筑
30139706,建筑
36608116,建筑
2037101,建筑
36425710,建筑
35075069,建筑
26201987,建筑
36218556,建筑
36523838,中国历史
36472529,中国历史
36224071,中国历史
36566308,中国历史
36096304,中国历史
36463589,中国历史
36586436,中国历史
35771888,中国历史
36462704,中国历史
36574408,中国历史
36283423,中国历史
35325232,中国历史
35678328,中国历史
36284544,中国历史
36584047,中国历史
34431806,中国历史
35881797,中国历史
36194081,中国历史
36423765,中国历史
35885803,中国历史
36566308,中国历史
36586436,中国历史
36432226,中国历史
36283423,中国历史
36584047,中国历史
35174656,中国历史
36379937,数学
35292688,数学
36197925,数学
30271424,数学
30310517,数学
36301166,数学
36284452,数学
36368057,数学
36342714,数学
30296440,数学
27061912,数学
35428125,数学
2025549,数学
26899701,数学
35455157,数学
35383731,数学
7061949,数学
36424128,数学
36604534,数学
4904723,数学
36604534,数学
36615448,数学
27117509,数学
1888111,数学
36197925,数学
36213834,数学
36402010,回忆录
35520540,回忆录
10761718,回忆录
35781293,回忆录
36162256,回忆录
5391775,回忆录
27615361,回忆录
36086020,回忆录
35170830,回忆录
36078195,回忆录
26666138,回忆录
36020007,回忆录
36560856,回忆录
26359826,回忆录
36198552,回忆录
34853071,回忆录
35045641,回忆录
36096281,回忆录
5277994,回忆录
20433554,回忆录
1023045,回忆录
4312477,回忆录
34853071,回忆录
2377012,回忆录
35767793,回忆录
36530552,回忆录
36409321,思想
35313227,思想
36448198,思想
26980487,思想
35586814,思想
35883125,思想
35541211,思想
33442259,思想
36518908,思想
36402210,思想
33455183,思想
34449288,思想
36464124,思想
27178776,思想
34449286,思想
35819419,思想
25870310,思想
30441530,思想
26607683,思想
30208077,思想
35392405,思想
36494081,思想
36207116,思想
2025235,思想
1011187,思想
36191432,思想
36518892,人物传记
36483883,人物传记
4254757,人物传记
30377678,人物传记
20424526,人物传记
35520540,人物传记
35009826,人物传记
25810506,人物传记
36414284,人物传记
26847644,人物传记
30486966,人物传记
6116167,人物传记
35097551,人物传记
6798611,人物传记
36478323,人物传记
27616695,人物传记
36247474,人物传记
36413444,人物传记
26306618,人物传记
26413154,人物传记
4312477,人物传记
36413444,人物传记
1077935,人物传记
36571742,人物传记
1006203,人物传记
36442202,人物传记
34988578,艺术史
36500680,艺术史
36514763,艺术史
36096284,艺术史
35166866,艺术史
3162991,艺术史
36490799,艺术史
36197646,艺术史
36403468,艺术史
36391807,艺术史
36168258,艺术史
35166867,艺术史
36194081,艺术史
36392193,艺术史
36490985,艺术史
26978823,艺术史
36229575,艺术史
36168257,艺术史
36236713,艺术史
36406883,艺术史
34988578,艺术史
36610060,艺术史
36347483,艺术史
4233819,艺术史
34915474,艺术史
26258658,艺术史
36223178,国学
1921597,国学
2046236,国学
3464792,国学
6534693,国学
26021455,国学
25925700,国学
36468905,国学
35838339,国学
26427669,国学
3027232,国学
3924299,国学
1921420,国学
2005395,国学
1059258,国学
5038750,国学
1157887,国学
25740233,国学
33657841,国学
34950130,国学
2377211,国学
26954617,国学
3007268,国学
2363834,国学
1014006,国学
1245497,国学
35966120,人文
1023045,人文
27613258,人文
35863001,人文
1322455,人文
36402010,人文
36371579,人文
30183051,人文
27170538,人文
35522033,人文
25985021,人文
36506418,人文
36458166,人文
5910656,人文
1493134,人文
36198552,人文
30122152,人文
34996404,人文
35717306,人文
20366368,人文
36407254,人文
36331208,人文
36571742,人文
36458166,人文
36524447,人文
36222075,人文
36197160,音乐
36446388,音乐
36536823,音乐
10590165,音乐
36403467,音乐
36548942,音乐
36361860,音乐
30203912,音乐
36545923,音乐
26845499,音乐
30247531,音乐
34796171,音乐
36149378,音乐
36294909,音乐
35090803,音乐
26837538,音乐
36145778,音乐
4212274,音乐
10825368,音乐
1492685,音乐
36548942,音乐
26320966,音乐
36484534,音乐
36574406,音乐
36536823,音乐
36545923,音乐
26917428,绘画
3065652,绘画
36391807,绘画
26975767,绘画
30396222,绘画
36338655,绘画
36462982,绘画
26950016,绘画
36330431,绘画
30393386,绘画
35812422,绘画
35216533,绘画
30303814,绘画
35200801,绘画
36610060,绘画
1441853,绘画
35088476,绘画
35510512,绘画
30245144,绘画
30146855,绘画
36608908,绘画
36610060,绘画
26689015,绘画
34922377,绘画
33787952,绘画
35863109,绘画
25956998,戏剧
26642041,戏剧
36441759,戏剧
36398795,戏剧
36345673,戏剧
36488337,戏剧
35069491,戏剧
26649304,戏剧
25912106,戏剧
25912108,戏剧
25713688,戏剧
3534238,戏剧
36390510,戏剧
35798965,戏剧
30289610,戏剧
26747147,戏剧
35406212,戏剧
1011742,戏剧
30459967,戏剧
1050738,戏剧
36599581,戏剧
30398155,戏剧
1807774,戏剧
36135390,戏剧
2818138,戏剧
26955402,戏剧
36110351,西方哲学
35418847,西方哲学
27070172,西方哲学
26843928,西方哲学
27074052,西方哲学
30353287,西方哲学
30246913,西方哲学
34840594,西方哲学
25909291,西方哲学
36423778,西方哲学
1071227,西方哲学
35326127,西方哲学
20271285,西方哲学
1216737,西方哲学
30415074,西方哲学
1053009,西方哲学
36065642,西方哲学
33442258,西方哲学
1076280,西方哲学
34447865,西方哲学
36601839,西方哲学
1004821,西方哲学
26695808,西方哲学
25723773,西方哲学
1034259,西方哲学
1010750,西方哲学
36538047,近代史
36235467,近代史
35662692,近代史
25935941,近代史
36524447,近代史
30147582,近代史
36574408,近代史
30209303,近代史
36463589,近代史
36415409,近代史
36215478,近代史
26755822,近代史
36578059,近代史
36549445,近代史
36478066,近代史
36392902,近代史
34396190,近代史
36155568,近代史
36116863,近代史
26171466,近代史
36574408,近代史
34396190,近代史
36460882,近代史
36549445,近代史
36303750,近代史
7059676,近代史
35620036,二战
35127632,二战
36413886,二战
35785679,二战
27016167,二战
30163883,二战
34835561,二战
36371605,二战
35713686,二战
30225784,二战
36362991,二战
36428048,二战
34988830,二战
3418938,二战
20441569,二战
35599705,二战
26431326,二战
30230911,二战
36480407,二战
36392902,二战
36445274,二战
35286294,二战
35599705,二战
26762114,二战
27139943,二战
26916441,二战
36207681,军事
36157472,军事
36183946,军事
36466763,军事
36342493,军事
34866949,军事
36392891,军事
27078836,军事
36428052,军事
35230161,军事
36391831,军事
2235414,军事
36460067,军事
35147788,军事
6879356,军事
35834052,军事
6090958,军事
34812113,军事
35569016,军事
34882177,军事
35599705,军事
26762114,军事
36183946,军事
34911956,军事
1400271,军事
36295286,军事
36448198,佛教
25819842,佛教
36625191,佛教
5450660,佛教
30155085,佛教
5214625,佛教
20470264,佛教
3910883,佛教
36412768,佛教
24532503,佛教
33422933,佛教
35428364,佛教
35616788,佛教
1335318,佛教
36147232,佛教
3126279,佛教
22601779,佛教
36348006,佛教
26980487,佛教
25936020,佛教
35658971,佛教
1049944,佛教
4824305,佛教
3103627,佛教
26421338,佛教
27056316,佛教
36224071,考古
36096304,考古
35737208,考古
36207816,考古
36379926,考古
36194081,考古
36368175,考古
35469793,考古
36340588,考古
35227864,考古
34853188,考古
34969964,考古
36096675,考古
35878402,考古
36492869,考古
10491608,考古
27623463,考古
35522852,考古
36446855,考古
36551539,考古
1774899,考古
7007408,考古
35197213,考古
36173630,考古
36218327,考古
36246200,考古
30265800,自由主义
36285833,自由主义
26426625,自由主义
35024518,自由主义
36168641,自由主义
2152902,自由主义
3244297,自由主义
25837451,自由主义
2204013,自由主义
1858576,自由主义
26935185,自由主义
26606359,自由主义
11527961,自由主义
35819419,自由主义
10546717,自由主义
26935327,自由主义
26743876,自由主义
1898651,自由主义
33418533,自由主义
30195111,自由主义
1315186,自由主义
6052799,自由主义
34468924,自由主义
2969080,自由主义
1879310,自由主义
1049561,自由主义
27621508,美术
26975767,美术
30393386,美术
35166650,美术
27000443,美术
36528871,美术
26614161,美术
2026870,美术
1165742,美术
34881007,美术
27086839,美术
24707105,美术
26848170,美术
35786755,美术
6773764,美术
35750917,美术
33413638,美术
1614348,美术
4264974,美术
35425297,美术
26689015,美术
34922377,美术
30258372,美术
1085399,美术
1054384,美术
35067471,美术
36509145,爱情
10594787,爱情
30331835,爱情
35703195,爱情
35941941,爱情
36505984,爱情
3026879,爱情
35719470,爱情
27200257,爱情
4246979,爱情
1083428,爱情
26640915,爱情
36191665,爱情
36282710,爱情
19964304,爱情
26585065,爱情
25897678,爱情
10554308,爱情
36480207,爱情
36523937,爱情
36519844,爱情
36480207,爱情
35460986,爱情
36509145,爱情
36591335,爱情
36117072,爱情
36530548,成长
33440205,成长
36328704,成长
35193035,成长
36518892,成长
36132802,成长
35876121,成长
26980487,成长
36415996,成长
36507121,成长
36523945,成长
36150914,成长
36504074,成长
35966120,成长
4913064,成长
34659228,成长
36104107,成长
36089614,成长
36523937,成长
36344591,成长
36618953,成长
36615020,成长
36613734,成长
36579057,成长
36534902,成长
36607116,成长
36096287,生活
36235328,生活
36150423,生活
4913064,生活
36431612,生活
36248699,生活
36193112,生活
36590877,生活
36480978,生活
36591951,生活
36536707,生活
35088492,生活
35876121,生活
35040904,生活
36369032,生活
36402128,生活
30259153,生活
35479662,生活
36405578,生活
33301294,生活
36613734,生活
36591982,生活
36593024,生活
36465956,生活
36591951,生活
36626626,生活
35143790,心理
36132802,心理
36150914,心理
35481512,心理
36464033,心理
36415996,心理
35193035,心理
26585065,心理
35929651,心理
26369699,心理
1012611,心理
1775691,心理
26304954,心理
26796536,心理
35219805,心理
1476651,心理
2328458,心理
36285847,心理
36509145,心理
34797578,心理
36613734,心理
36579057,心理
36593611,心理
36607116,心理
36601653,心理
36509145,心理
36457094,女性
36478066,女性
35966120,女性
36501075,女性
36455938,女性
36560856,女性
36402128,女性
36478377,女性
36428654,女性
36472056,女性
36374149,女性
36443489,女性
36314870,女性
36446876,女性
36472055,女性
36497587,女性
36471335,女性
36402158,女性
36494081,女性
25836270,女性
36560856,女性
27609260,女性
36446876,女性
35907571,女性
36493178,女性
36445274,女性
36467301,旅行
36577789,旅行
35025453,旅行
35886421,旅行
35522033,旅行
35331764,旅行
35148942,旅行
36458135,旅行
36480177,旅行
34781750,旅行
36428155,旅行
36439217,旅行
27613258,旅行
36530530,旅行
30247391,旅行
36432535,旅行
36209327,旅行
4618225,旅行
35720365,旅行
36234556,旅行
34781750,旅行
26661406,旅行
36549182,旅行
26677707,旅行
34891413,旅行
35062252,旅行
36317762,励志
33440205,励志
36104107,励志
36531701,励志
36462595,励志
35575845,励志
5910656,励志
26210487,励志
34797578,励志
33440237,励志
35060315,励志
34659228,励志
36518892,励志
33422386,励志
35267458,励志
36619543,励志
35876121,励志
36093214,励志
36612657,励志
36523637,励志
36612657,励志
36450800,励志
36619543,励志
35714249,励志
33423699,励志
36412382,励志
36447211,教育
36407364,教育
36190074,教育
4864832,教育
33440205,教育
36427596,教育
2275635,教育
36211119,教育
36447685,教育
36216349,教育
36428048,教育
35173329,教育
3465080,教育
36333171,教育
27199584,教育
35048510,教育
3420606,教育
35418855,教育
1022318,教育
36200474,教育
36495288,教育
36599425,教育
36607116,教育
36604597,教育
36550926,教育
35016955,教育
36473982,摄影
6892042,摄影
36331591,摄影
3990022,摄影
35567282,摄影
1779243,摄影
4282084,摄影
35273206,摄影
1007928,摄影
25904481,摄影
36546518,摄影
26602756,摄影
10511063,摄影
27043843,摄影
26602858,摄影
4265526,摄影
35616613,摄影
36433713,摄影
20487300,摄影
10567183,摄影
36571118,摄影
36473982,摄影
27024906,摄影
36645701,摄影
3995468,摄影
26663564,摄影
36328704,职场
36104107,职场
36315235,职场
36593141,职场
27049500,职场
36511561,职场
1054917,职场
35703195,职场
36580240,职场
34451479,职场
36462638,职场
27609489,职场
36194708,职场
36556899,职场
36416059,职场
35969985,职场
36283547,职场
2256039,职场
36193488,职场
36119971,职场
36579580,职场
36580240,职场
36623732,职场
36593141,职场
36570615,职场
36623519,职场
36235328,美食
36021908,美食
35793169,美食
30183051,美食
35885803,美食
35740229,美食
35200365,美食
30265817,美食
36103702,美食
36590217,美食
36620182,美食
6000642,美食
26980391,美食
27046024,美食
35143853,美食
26904755,美食
25032919,美食
36561191,美食
26718513,美食
36282703,美食
36620182,美食
1460123,美食
36561191,美食
26869172,美食
26670871,美食
30163789,美食
35025453,游记
34781750,游记
35886421,游记
36480177,游记
35869077,游记
36467301,游记
36577789,游记
35522033,游记
25753361,游记
30177173,游记
35028954,游记
36466766,游记
35926238,游记
36428155,游记
34902735,游记
7060185,游记
36303750,游记
6126821,游记
36458135,游记
27613258,游记
36303750,游记
34781750,游记
36466766,游记
36430386,游记
36629416,游记
30370308,游记
35581777,灵修
30451722,灵修
26980487,灵修
3653133,灵修
21249050,灵修
26575975,灵修
2277299,灵修
11498624,灵修
26605714,灵修
4817590,灵修
26849476,灵修
26392337,灵修
24525075,灵修
26869026,灵修
30384422,灵修
27062571,灵修
35631916,灵修
35009903,灵修
20475763,灵修
26838900,灵修
26848893,灵修
26728772,灵修
6526752,灵修
6507601,灵修
6756178,灵修
5253349,灵修
36591951,健康
36549168,健康
36431612,健康
27590675,健康
35643334,健康
35332778,健康
36579650,健康
30437166,健康
30230380,健康
36069255,健康
36538507,健康
36469148,健康
36338160,健康
36613084,健康
35431666,健康
36333209,健康
36392716,健康
35885945,健康
35965036,健康
36538535,健康
36591951,健康
36608412,健康
36591335,健康
36613084,健康
25797997,健康
35307818,健康
36509145,情感
36282710,情感
26757680,情感
36191665,情感
26640915,情感
27200257,情感
36449795,情感
35353111,情感
35763740,情感
35397757,情感
36551818,情感
36581024,情感
35496103,情感
35719470,情感
26363229,情感
26585065,情感
1023045,情感
35680673,情感
35695541,情感
30259153,情感
35512386,情感
36509145,情感
36581024,情感
36449795,情感
30489062,情感
26637972,情感
36336313,人际关系
36092271,人际关系
36014464,人际关系
26585065,人际关系
36491002,人际关系
27117578,人际关系
35124271,人际关系
4940855,人际关系
34797578,人际关系
36345273,人际关系
35519608,人际关系
36150914,人际关系
26801314,人际关系
4137664,人际关系
5906677,人际关系
36507901,人际关系
30181152,人际关系
30235060,人际关系
27054083,人际关系
35290123,人际关系
36507901,人际关系
25837839,人际关系
26852890,人际关系
35610436,人际关系
35601740,人际关系
36068004,人际关系
35480409,两性
35523099,两性
35966120,两性
30380222,两性
36509145,两性
35153840,两性
1444900,两性
34460345,两性
35218117,两性
36480207,两性
25836270,两性
36472056,两性
1035517,两性
2376978,两性
35719470,两性
36149040,两性
5356342,两性
36492123,两性
35773953,两性
4710402,两性
36480207,两性
26713431,两性
27060628,两性
25960972,两性
26324128,两性
26895267,两性
27590675,养生
35623106,养生
30242517,养生
36332775,养生
36431612,养生
30230380,养生
36069255,养生
30335005,养生
27057241,养生
30436198,养生
6742678,养生
23860392,养生
35431666,养生
35483453,养生
24879935,养生
30246792,养生
1109410,养生
26939337,养生
6879179,养生
21330892,养生
25797997,养生
35307818,养生
27053738,养生
26674293,养生
30456410,养生
26940380,养生
35714387,手工
36507231,手工
3584515,手工
30458433,手工
36393609,手工
36570506,手工
31241483,手工
34885891,手工
7163419,手工
33403804,手工
26303026,手工
2638133,手工
36136509,手工
36603968,手工
35722689,手工
36598090,手工
36102094,手工
35724881,手工
12239698,手工
2525655,手工
35714387,手工
4718382,手工
4742948,手工
5998944,手工
11610691,手工
10345399,手工
26775466,家居
34911295,家居
30199037,家居
35476864,家居
35864261,家居
25858712,家居
34824414,家居
34872537,家居
27604992,家居
30411266,家居
30348422,家居
3043336,家居
35511433,家居
34927505,家居
27041300,家居
26548374,家居
24749465,家居
27592217,家居
35891352,家居
6975775,家居
30354706,家居
35178996,家居
1354262,家居
6947109,家居
1449661,家居
6947111,家居
26641785,自助游
3414690,自助游
10747491,自助游
25897415,自助游
27138828,自助游
30352014,自助游
25854543,自助游
30364276,自助游
26374042,自助游
2382017,自助游
6802547,自助游
10945439,自助游
27923506,自助游
21241289,自助游
6425967,自助游
36243262,经济学
35546622,经济学
36428654,经济学
36494041,经济学
35005103,经济学
36493902,经济学
36421636,经济学
25922243,经济学
30468563,经济学
10587755,经济学
36415996,经济学
35149551,经济学
36161687,经济学
36491117,经济学
36379853,经济学
36446277,经济学
30280804,经济学
35147504,经济学
36093153,经济学
26435630,经济学
36623118,经济学
36303750,经济学
26178426,经济学
36571024,经济学
1042567,经济学
36446277,经济学
27178870,管理
36556899,管理
1958120,管理
36547616,管理
36336321,管理
35876121,管理
35102294,管理
36526445,管理
35148452,管理
36531724,管理
4020854,管理
35863276,管理
6052196,管理
5320866,管理
35238507,管理
36438791,管理
36432931,管理
27608239,管理
36547803,管理
34882512,管理
36636224,管理
36547803,管理
36615020,管理
36526445,管理
36571024,管理
30573490,管理
35546622,经济
36415996,经济
20394150,经济
10587755,经济
36243262,经济
35147504,经济
36093153,经济
36161687,经济
36438791,经济
35876121,经济
26824237,经济
35149551,经济
26762440,经济
30280804,经济
30329810,经济
33451663,经济
30486499,经济
27007549,经济
35005103,经济
26985299,经济
36623118,经济
36303750,经济
26178426,经济
36571024,经济
1042567,经济
36446277,经济
36518892,商业
36415996,商业
36350632,商业
35876121,商业
36280425,商业
36438791,商业
36580828,商业
36357053,商业
36448227,商业
36465263,商业
35009826,商业
35659418,商业
35902211,商业
36429009,商业
36462444,商业
26297606,商业
36038585,商业
35102294,商业
36531724,商业
36082426,商业
36580828,商业
36570892,商业
36526445,商业
36570615,商业
36576015,商业
1006203,商业
36415996,金融
35902211,金融
36438791,金融
21331443,金融
35149551,金融
36403054,金融
35290791,金融
35324439,金融
35947137,金融
27053704,金融
35520540,金融
30296163,金融
36280634,金融
35876121,金融
30443502,金融
35086552,金融
33401129,金融
26950185,金融
36570892,金融
30194663,金融
36573239,金融
36570892,金融
36546479,金融
36200463,金融
35563140,金融
30288235,金融
36438791,投资
36415996,投资
30443502,投资
36295222,投资
35279134,投资
35902211,投资
26831789,投资
26752026,投资
3110321,投资
34912485,投资
35188914,投资
4827219,投资
34948750,投资
33401129,投资
36096815,投资
35557542,投资
30194663,投资
10773362,投资
34997975,投资
26274190,投资
36573239,投资
36570892,投资
36546479,投资
36200463,投资
30288235,投资
35797190,投资
36580828,营销
36082426,营销
35924658,营销
36502745,营销
36206088,营销
36482146,营销
36342615,营销
1017180,营销
36432910,营销
10568352,营销
5421787,营销
34872361,营销
35951750,营销
26303771,营销
36292488,营销
30157243,营销
35368439,营销
35035099,营销
36591095,营销
10549797,营销
36580828,营销
35857886,营销
1894695,营销
25779152,营销
27180590,营销
34878557,营销
36415996,理财
35295592,理财
36593827,理财
1033778,理财
35605658,理财
36242339,理财
35876121,理财
26831789,理财
27045965,理财
35426714,理财
27153484,理财
27094706,理财
3576486,理财
26752026,理财
35275855,理财
26163553,理财
27009488,理财
36295222,理财
35611477,理财
5243775,理财
1042567,理财
36573239,理财
36609674,理财
34970850,理财
36304472,理财
35230067,理财
36518892,创业
36280425,创业
36201283,创业
10945606,创业
26297606,创业
35293067,创业
33414023,创业
35714434,创业
35292337,创业
26306686,创业
36071759,创业
11516567,创业
36459316,创业
20505765,创业
34872511,创业
36171394,创业
36057097,创业
25905229,创业
35156081,创业
35135787,创业
35357704,创业
26860776,创业
25971733,创业
32937776,创业
35467461,创业
34872511,创业
30347305,股票
35279134,股票
26935601,股票
35119423,股票
27163122,股票
35377391,股票
26752026,股票
34867439,股票
1087737,股票
35426714,股票
5976544,股票
36438791,股票
26419787,股票
5917261,股票
36162233,股票
25926542,股票
3716052,股票
30194663,股票
1524751,股票
10558680,股票
35797190,股票
35951839,股票
1021346,股票
30449316,股票
6730344,股票
5029372,股票
36580828,广告
36394909,广告
36207794,广告
36502745,广告
3162179,广告
26851734,广告
4899351,广告
36082426,广告
5432449,广告
36138966,广告
26269190,广告
1074945,广告
36206088,广告
35513147,广告
30136330,广告
30383755,广告
34851981,广告
36432910,广告
32569453,广告
1033488,广告
36623732,广告
36580828,广告
27180590,广告
25779152,广告
20395644,广告
34861831,广告
25789792,企业史
35040833,企业史
1484103,企业史
35229316,企业史
36492857,企业史
36571860,企业史
2326753,企业史
30481836,企业史
35774958,企业史
36576015,企业史
36415409,企业史
34930356,企业史
30426676,企业史
1831446,企业史
35174681,企业史
33375929,企业史
35659418,企业史
1659228,企业史
3151575,企业史
35578814,企业史
35055300,企业史
34998454,企业史
27095699,企业史
1278831,企业史
6959233,企业史
3746259,企业史
36580828,策划
30488547,策划
36165799,策划
33464428,策划
36513012,策划
35562997,策划
35221211,策划
1018654,策划
1692703,策划
36580828,策划
27622918,策划
1379556,策划
1451103,策划
25917524,策划
1193831,策划
36490725,科普
36591951,科普
33424487,科普
36575686,科普
36492123,科普
36357053,科普
36379937,科普
36472353,科普
36168842,科普
35737216,科普
36392716,科普
36255869,科普
36108560,科普
36502704,科普
36347909,科普
27590675,科普
36486893,科普
35545272,科普
36299130,科普
1467022,科普
36472353,科普
36591951,科普
36490725,科普
36262910,科普
36289876,科普
36607895,科普
36518892,互联网
36453354,互联网
36522021,互联网
26297606,互联网
36576015,互联网
6709783,互联网
36209209,互联网
36331624,互联网
26873486,互联网
25908079,互联网
1827702,互联网
36372406,互联网
36553721,互联网
5914587,互联网
36262407,互联网
36188506,互联网
35523118,互联网
5375620,互联网
36463768,互联网
35934882,互联网
36522021,互联网
36576015,互联网
36453354,互联网
35357704,互联网
34878557,互联网
35932687,互联网
36490725,科学
36223179,科学
36255869,科学
36425442,科学
36483883,科学
33424487,科学
35951747,科学
35221093,科学
36357053,科学
36179194,科学
35490038,科学
36247880,科学
30291736,科学
36284452,科学
1034282,科学
35453096,科学
34984198,科学
36037497,科学
1102715,科学
20376550,科学
36490725,科学
36262910,科学
36575686,科学
35241774,科学
36472036,科学
25830943,科学
36365320,编程
1139336,编程
35972849,编程
20260928,编程
35006892,编程
36142067,编程
36547630,编程
4199741,编程
30270959,编程
35768338,编程
26829016,编程
30329536,编程
4262627,编程
34859869,编程
20432061,编程
34262305,编程
25900403,编程
1148282,编程
1998341,编程
2778632,编程
10546125,编程
25911735,编程
1173548,编程
35543112,编程
3288908,编程
3112503,编程
36510336,交互设计
25932290,交互设计
1314262,交互设计
35671965,交互设计
20278578,交互设计
3313897,交互设计
25915629,交互设计
26712707,交互设计
20471302,交互设计
30186119,交互设计
26591499,交互设计
5250477,交互设计
25760272,交互设计
25927569,交互设计
26670484,交互设计
33403542,交互设计
1901208,交互设计
20022383,交互设计
26760348,交互设计
3661214,交互设计
3279105,交互设计
30302327,交互设计
27016343,交互设计
3075179,交互设计
34889050,交互设计
30322083,交互设计
26979890,算法
30136932,算法
30357170,算法
35258057,算法
35391618,算法
19952400,算法
24749842,算法
35680544,算法
30424415,算法
35015043,算法
35252621,算法
36132750,算法
36537238,算法
34785178,算法
35668949,算法
2173399,算法
3354596,算法
3117569,算法
1013762,算法
36427779,算法
24529132,算法
10607365,算法
3288908,算法
24749842,算法
34786684,算法
25859528,算法
30181078,用户体验
20278578,用户体验
1314262,用户体验
36510336,用户体验
33401218,用户体验
35180295,用户体验
2579849,用户体验
1185932,用户体验
26318425,用户体验
26760348,用户体验
35671965,用户体验
35300386,用户体验
5416997,用户体验
3870630,用户体验
30253370,用户体验
26320572,用户体验
4881989,用户体验
6024020,用户体验
27155161,用户体验
27129563,用户体验
3279105,用户体验
30302327,用户体验
27016343,用户体验
3075179,用户体验
34889050,用户体验
30322083,用户体验
36518892,科技
36350632,科技
36357053,科技
36331624,科技
36414284,科技
36462444,科技
6709783,科技
35659418,科技
33474750,科技
6965746,科技
36576015,科技
36449803,科技
36453354,科技
36308039,科技
35351678,科技
35493725,科技
36393020,科技
36463768,科技
36498788,科技
36500924,科技
36453354,科技
36576015,科技
36472353,科技
36384736,科技
4312477,科技
36075893,科技
35543112,web
35284009,web
3110751,web
27204133,web
26953419,web
32171641,web
25856314,web
36493309,web
10546125,web
35543112,web
26274202,web
25911735,web
1839273,web
25752961,web
26642302,交互
35594496,交互
26646244,交互
3821157,交互
34845297,交互
19934344,交互
22229485,交互
6710641,交互
26978939,交互
26809374,交互
30302327,交互
20452058,交互
27133266,交互
33454283,交互
26874796,交互
26898405,交互
33439392,通信
26743649,通信
35897992,通信
30270959,通信
26787056,通信
1141201,通信
21359219,通信
34684595,通信
4703192,通信
3795386,通信
35044751,通信
35340764,通信
3228144,通信
25902109,通信
1859351,通信
34867913,通信
1246233,通信
1139562,通信
5394309,UE
27031824,UE
26857698,UE
3263946,UE
25858031,UE
1793267,UE
25744600,UE
6523997,UE
26249843,UE
30302327,UE
26978029,UE
1894206,UE
33454283,UE
20381558,UE
30192800,神经网络
35044046,神经网络
36142066,神经网络
36171345,神经网络
36620140,神经网络
30379536,神经网络
2584657,神经网络
30351155,神经网络
5952531,神经网络
4032570,神经网络
2297549,UCD
4818690,UCD
4886100,UCD
2298856,UCD
2157554,UCD
27055156,UCD
35492898,程序
26901155,程序
3652388,程序
26365491,程序
33420587,程序
1869681,程序
4262627,程序
36457109,程序
34795642,程序
1438677,程序
27666334,程序
25854719,程序
1173548,程序
1787855,程序
4924419,程序
10546125,程序
